id,lbl,definition
GO:0000015,phosphopyruvate hydratase complex,"A multimeric enzyme complex, usually a dimer or an octamer, that catalyzes the conversion of 2-phospho-D-glycerate to phosphoenolpyruvate and water."
GO:0000150,DNA strand exchange activity,Catalysis of the identification and base-pairing of homologous sequences between single-stranded DNA and double-stranded DNA.
GO:0000160,phosphorelay signal transduction system,A conserved series of molecular signals found in prokaryotes and eukaryotes; involves autophosphorylation of a histidine kinase and the transfer of the phosphate group to an aspartate that then acts as a phospho-donor to response regulator proteins.
GO:0000166,nucleotide binding,"Binding to a nucleotide, any compound consisting of a nucleoside that is esterified with (ortho)phosphate or an oligophosphate at any hydroxyl group on the ribose or deoxyribose."
GO:0003674,molecular_function,"A molecular process that can be carried out by the action of a single macromolecular machine, usually via direct physical interactions with other molecular entities. Function in this sense denotes an action, or activity, that a gene product (or a complex) performs."
GO:0003676,nucleic acid binding,Binding to a nucleic acid.
GO:0003700,DNA-binding transcription factor activity,"A transcription regulator activity that modulates transcription of gene sets via selective and non-covalent binding to a specific double-stranded genomic DNA sequence (sometimes referred to as a motif) within a cis-regulatory region. Regulatory regions include promoters (proximal and distal) and enhancers. Genes are transcriptional units, and include bacterial operons."
GO:0003735,structural constituent of ribosome,The action of a molecule that contributes to the structural integrity of the ribosome.
GO:0003824,catalytic activity,"Catalysis of a biochemical reaction at physiological temperatures. In biologically catalyzed reactions, the reactants are known as substrates, and the catalysts are naturally occurring macromolecular substances known as enzymes. Enzymes possess specific binding sites for substrates, and are usually composed wholly or largely of protein, but RNA that has catalytic activity (ribozyme) is often also regarded as enzymatic."
GO:0004601,peroxidase activity,Catalysis of the reaction: a donor + a peroxide = an oxidized donor + 2 H2O.
GO:0004803,transposase activity,Catalysis of the transposition of transposable elements or transposons. Transposases are involved in recombination required for transposition and are site-specific for the transposon/transposable element.
GO:0005215,transporter activity,"Enables the directed movement of substances (such as macromolecules, small molecules, ions) into, out of or within a cell, or between cells."
GO:0005515,protein binding,Binding to a protein.
GO:0005575,cellular_component,"A location, relative to cellular compartments and structures, occupied by a macromolecular machine. There are three types of cellular components described in the gene ontology: (1) the cellular anatomical entity where a gene product carries out a molecular function (e.g., plasma membrane, cytoskeleton) or membrane-enclosed compartments (e.g., mitochondrion); (2) virion components, where viral proteins act, and (3) the stable macromolecular complexes of which gene product are parts (e.g., the clathrin complex)."
GO:0005576,extracellular region,The space external to the outermost structure of a cell. For cells without external protective or external encapsulating structures this refers to space outside of the plasma membrane. This term covers the host cell environment outside an intracellular parasite.
GO:0005618,cell wall,"The rigid or semi-rigid envelope lying outside the cell membrane of plant, fungal, most prokaryotic cells and some protozoan parasites, maintaining their shape and protecting them from osmotic lysis. In plants it is made of cellulose and, often, lignin; in fungi it is composed largely of polysaccharides; in bacteria it is composed of peptidoglycan; in protozoan parasites such as Giardia species, it's made of carbohydrates and proteins."
GO:0005622,intracellular anatomical structure,A component of a cell contained within (but not including) the plasma membrane. In eukaryotes it includes the nucleus and cytoplasm.
GO:0005634,nucleus,"A membrane-bounded organelle of eukaryotic cells in which chromosomes are housed and replicated. In most cells, the nucleus contains all of the cell's chromosomes except the organellar chromosomes, and is the site of RNA synthesis and processing. In some species, or in specialized cell types, RNA metabolism or DNA replication may be absent."
GO:0005694,chromosome,A structure composed of a very long molecule of DNA and associated proteins (e.g. histones) that carries hereditary information.
GO:0005727,extrachromosomal circular DNA,Circular DNA structures that are not part of a chromosome.
GO:0005737,cytoplasm,"The contents of a cell excluding the plasma membrane and nucleus, but including other subcellular structures."
GO:0005839,proteasome core complex,"A multisubunit barrel shaped endoprotease complex, which is the core of the proteasome complex."
GO:0005840,ribosome,"An intracellular organelle, about 200 A in diameter, consisting of RNA and protein. It is the site of protein biosynthesis resulting from translation of messenger RNA (mRNA). It consists of two subunits, one large and one small, each containing only protein and RNA. Both the ribosome and its subunits are characterized by their sedimentation coefficients, expressed in Svedberg units (symbol: S). Hence, the prokaryotic ribosome (70S) comprises a large (50S) subunit and a small (30S) subunit, while the eukaryotic ribosome (80S) comprises a large (60S) subunit and a small (40S) subunit. Two sites on the ribosomal large subunit are involved in translation, namely the aminoacyl site (A site) and peptidyl site (P site). Ribosomes from prokaryotes, eukaryotes, mitochondria, and chloroplasts have characteristically distinct ribosomal proteins."
GO:0005874,microtubule,"Any of the long, generally straight, hollow tubes of internal diameter 12-15 nm and external diameter 24 nm found in a wide variety of eukaryotic cells; each consists (usually) of 13 protofilaments of polymeric tubulin, staggered in such a manner that the tubulin monomers are arranged in a helical pattern on the microtubular surface, and with the alpha/beta axes of the tubulin subunits parallel to the long axis of the tubule; exist in equilibrium with pool of tubulin monomers and can be rapidly assembled or disassembled in response to physiological stimuli; concerned with force generation, e.g. in the spindle."
GO:0005886,plasma membrane,The membrane surrounding a cell that separates the cell from its external environment. It consists of a phospholipid bilayer and associated proteins.
GO:0005975,carbohydrate metabolic process,"The chemical reactions and pathways involving carbohydrates, any of a group of organic compounds based of the general formula Cx(H2O)y."
GO:0006091,generation of precursor metabolites and energy,"The chemical reactions and pathways resulting in the formation of precursor metabolites, substances from which energy is derived, and any process involved in the liberation of energy from these substances."
GO:0006259,DNA metabolic process,"Any cellular metabolic process involving deoxyribonucleic acid. This is one of the two main types of nucleic acid, consisting of a long, unbranched macromolecule formed from one, or more commonly, two, strands of linked deoxyribonucleotides."
GO:0006282,regulation of DNA repair,"Any process that modulates the frequency, rate or extent of DNA repair."
GO:0006351,DNA-templated transcription,The synthesis of an RNA transcript from a DNA template.
GO:0006412,translation,"The cellular metabolic process in which a protein is formed, using the sequence of a mature mRNA or circRNA molecule to specify the sequence of amino acids in a polypeptide chain. Translation is mediated by the ribosome, and begins with the formation of a ternary complex between aminoacylated initiator methionine tRNA, GTP, and initiation factor 2, which subsequently associates with the small subunit of the ribosome and an mRNA or circRNA. Translation ends with the release of a polypeptide chain from the ribosome."
GO:0006457,protein folding,The process of assisting in the covalent and noncovalent assembly of single chain polypeptides or multisubunit complexes into the correct tertiary structure.
GO:0006508,proteolysis,The hydrolysis of proteins into smaller polypeptides and/or amino acids by cleavage of their peptide bonds.
GO:0006629,lipid metabolic process,"The chemical reactions and pathways involving lipids, compounds soluble in an organic solvent but not, or sparingly, in an aqueous solvent. Includes fatty acids; neutral fats, other fatty-acid esters, and soaps; long-chain (fatty) alcohols and waxes; sphingoids and other long-chain bases; glycolipids, phospholipids and sphingolipids; and carotenes, polyprenols, sterols, terpenes and other isoprenoids."
GO:0006807,nitrogen compound metabolic process,The chemical reactions and pathways involving organic or inorganic compounds that contain nitrogen.
GO:0006808,regulation of nitrogen utilization,"Any process that modulates the frequency, rate or extent of nitrogen utilization."
GO:0006810,transport,"The directed movement of substances (such as macromolecules, small molecules, ions) or cellular components (such as complexes and organelles) into, out of or within a cell, or between cells, or within a multicellular organism by means of some agent such as a transporter or a transporter complex, a pore or a motor protein."
GO:0006950,response to stress,"Any process that results in a change in state or activity of a cell or an organism (in terms of movement, secretion, enzyme production, gene expression, etc.) as a result of a disturbance in organismal or cellular homeostasis, usually, but not necessarily, exogenous (e.g. temperature, humidity, ionizing radiation)."
GO:0007155,cell adhesion,"The attachment of a cell, either to another cell or to an underlying substrate such as the extracellular matrix, via cell adhesion molecules."
GO:0007165,signal transduction,"The cellular process in which a signal is conveyed to trigger a change in the activity or state of a cell. Signal transduction begins with reception of a signal (e.g. a ligand binding to a receptor or receptor activation by a stimulus such as light), or for signal transduction in the absence of ligand, signal-withdrawal or the activity of a constitutively active receptor. Signal transduction ends with regulation of a downstream cellular process, e.g. regulation of transcription or regulation of a metabolic process. Signal transduction covers signaling from receptors located on the surface of the cell and signaling via molecules located within the cell. For signaling between cells, signal transduction is restricted to events at and within the receiving cell."
GO:0008134,transcription factor binding,"Binding to a transcription factor, a protein required to initiate or regulate transcription."
GO:0008150,biological_process,"A biological process is the execution of a genetically-encoded biological module or program. It consists of all the steps required to achieve the specific biological objective of the module. A biological process is accomplished by a particular set of molecular functions carried out by specific gene products (or macromolecular complexes), often in a highly regulated manner and in a particular temporal sequence."
GO:0008152,metabolic process,"The chemical reactions and pathways, including anabolism and catabolism, by which living organisms transform chemical substances. Metabolic processes typically transform small molecules, but also include macromolecular processes such as DNA repair and replication, and protein synthesis and degradation."
GO:0008218,bioluminescence,The production of light by certain enzyme-catalyzed reactions in cells.
GO:0008233,peptidase activity,Catalysis of the hydrolysis of a peptide bond. A peptide bond is a covalent bond formed when the carbon atom from the carboxyl group of one amino acid shares electrons with the nitrogen atom from the amino group of a second amino acid.
GO:0008658,penicillin binding,"Binding to penicillin, an antibiotic that contains the condensed beta-lactamthiazolidine ring system."
GO:0009055,electron transfer activity,"A molecular function representing the directed movement of electrons from one molecular entity to another, typically mediated by electron carriers or acceptors, resulting in the transfer of energy and/or the reduction-oxidation (redox) transformation of chemical species. This activity is fundamental to various biological processes, including cellular respiration and photosynthesis, as well as numerous enzymatic reactions involved in metabolic pathways."
GO:0009058,biosynthetic process,The chemical reactions and pathways resulting in the formation of substances; typically the energy-requiring part of metabolism in which simpler substances are transformed into more complex ones.
GO:0009276,Gram-negative-bacterium-type cell wall,The peptidoglycan layer of the Gram-negative cell envelope. In Gram-negative cells the peptidoglycan is relatively thin (1-2nm) and is linked to the outer membrane by lipoproteins. In Gram-negative cells the peptidoglycan is too thin to retain the primary stain in the Gram staining procedure and therefore cells appear red after Gram stain.
GO:0009288,bacterial-type flagellum,A motor complex composed of an extracellular helical protein filament coupled to a rotary motor embedded in the cell envelope.
GO:0009317,acetyl-CoA carboxylase complex,"A protein complex that catalyzes the first step in long-chain fatty acid biosynthesis. For example, in E. coli the complex is heterohexameric and composed of biotin carbonyl carrier protein, biotin carboxylase and the acetate CoA-transferase complex."
GO:0009341,beta-galactosidase complex,"A protein complex that possesses beta-galactosidase activity, i.e. catalyzes the hydrolysis of terminal non-reducing beta-D-galactose residues in beta-D-galactosides. In E. coli, the complex is a homotetramer; dimeric and hexameric beta-galactosidase complexes have been observed in other species."
GO:0009346,ATP-independent citrate lyase complex,"Citrate lyase is a multienzyme complex with three constituents: the alpha subunit, citrate-ACP transferase; the beta subunit, citryl-ACP lyase; and the gamma subunit, an acyl-carrier protein which also carries the prosthetic group components. All three subunits are required for citrate lyase enzyme activity. This enzyme has only been found in bacteria."
GO:0009349,riboflavin synthase complex,An flavoprotein that catalyzes the reaction the breakdown of dimethyl(ribityl)lumazine to form riboflavin and ribitylamino-amino-dihydroxypyrimidine.
GO:0009372,quorum sensing,"The cell-cell signaling process in which single-celled organisms carry out coordinated responses by monitoring their own population density, and often also that of other microbes, by producing small, diffusible, signal molecules, detecting the concentration of these molecules, and triggering a signal transduction pathway when a certain threshold is reached. Quorum sensing can occur amongst microbial communities in the environment or within host organisms."
GO:0009403,toxin biosynthetic process,"The chemical reactions and pathways resulting in the formation of toxin, a poisonous compound (typically a protein) that is produced by cells or organisms and that can cause disease when introduced into the body or tissues of an organism."
GO:0009579,thylakoid,"A membranous cellular structure that bears the photosynthetic pigments in plants, algae, and cyanobacteria. In cyanobacteria thylakoids are of various shapes and are attached to, or continuous with, the plasma membrane. In eukaryotes they are flattened, membrane-bounded disk-like structures located in the chloroplasts; in the chloroplasts of higher plants the thylakoids form dense stacks called grana. Isolated thylakoid preparations can carry out photosynthetic electron transport and the associated phosphorylation."
GO:0009607,response to biotic stimulus,"Any process that results in a change in state or activity of a cell or an organism (in terms of movement, secretion, enzyme production, gene expression, etc.) as a result of a biotic stimulus, a stimulus caused or produced by a living organism."
GO:0009628,response to abiotic stimulus,"Any process that results in a change in state or activity of a cell or an organism (in terms of movement, secretion, enzyme production, gene expression, etc.) as a result of an abiotic (not derived from living organisms) stimulus."
GO:0015948,methanogenesis,"The chemical reactions and pathways resulting in the formation of methane, a colorless, odorless, flammable gas with the formula CH4. It is the simplest of the alkanes."
GO:0015979,photosynthesis,"The synthesis by organisms of organic chemical compounds, especially carbohydrates, from carbon dioxide (CO2) using energy obtained from light rather than from the oxidation of chemical compounds."
GO:0016020,membrane,A lipid bilayer along with all the proteins and protein complexes embedded in it and attached to it.
GO:0016032,viral process,"A multi-organism process in which a virus is a participant. The other participant is the host. Includes infection of a host cell, replication of the viral genome, and assembly of progeny virus particles. In some cases the viral genetic material may integrate into the host genome and only subsequently, under particular circumstances, 'complete' its life cycle."
GO:0016070,RNA metabolic process,"The cellular chemical reactions and pathways involving RNA, ribonucleic acid, one of the two main type of nucleic acid, consisting of a long, unbranched macromolecule formed from ribonucleotides joined in 3',5'-phosphodiester linkage."
GO:0016209,antioxidant activity,"Inhibition of the reactions brought about by dioxygen (O2) or peroxides. Usually the antioxidant is effective because it can itself be more easily oxidized than the substance protected. The term is often applied to components that can trap free radicals, thereby breaking the chain reaction that normally leads to extensive biological damage."
GO:0016226,iron-sulfur cluster assembly,The incorporation of iron and exogenous sulfur into a metallo-sulfur cluster.
GO:0016301,kinase activity,"Catalysis of the transfer of a phosphate group, usually from ATP, to a substrate molecule."
GO:0016310,phosphorylation,"The process of introducing a phosphate group into a molecule, usually with the formation of a phosphoric ester, a phosphoric anhydride or a phosphoric amide."
GO:0016469,proton-transporting two-sector ATPase complex,"A large protein complex that catalyzes the synthesis or hydrolysis of ATP by a rotational mechanism, coupled to the transport of protons across a membrane. The complex comprises a membrane sector (F0, V0, or A0) that carries out proton transport and a cytoplasmic compartment sector (F1, V1, or A1) that catalyzes ATP synthesis or hydrolysis. Two major types have been characterized: V-type ATPases couple ATP hydrolysis to the transport of protons across a concentration gradient, whereas F-type ATPases, also known as ATP synthases, normally run in the reverse direction to utilize energy from a proton concentration or electrochemical gradient to synthesize ATP. A third type, A-type ATPases have been found in archaea, and are closely related to eukaryotic V-type ATPases but are reversible."
GO:0016491,oxidoreductase activity,"Catalysis of an oxidation-reduction (redox) reaction, a reversible chemical reaction in which the oxidation state of an atom or atoms within a molecule is altered. One substrate acts as a hydrogen or electron donor and becomes oxidized, while the other acts as hydrogen or electron acceptor and becomes reduced."
GO:0016597,amino acid binding,"Binding to an amino acid, organic acids containing one or more amino substituents."
GO:0016740,transferase activity,"Catalysis of the transfer of a group, e.g. a methyl group, glycosyl group, acyl group, phosphorus-containing, or other groups, from one compound (generally regarded as the donor) to another compound (generally regarded as the acceptor). Transferase is the systematic name for any enzyme of EC class 2."
GO:0016779,nucleotidyltransferase activity,Catalysis of the transfer of a nucleotidyl group to a reactant.
GO:0016787,hydrolase activity,"Catalysis of the hydrolysis of various bonds, e.g. C-O, C-N, C-C, phosphoric anhydride bonds, etc."
GO:0016791,phosphatase activity,"Catalysis of the hydrolysis of phosphoric monoesters, releasing inorganic phosphate."
GO:0016829,lyase activity,"Catalysis of the cleavage of C-C, C-O, C-N and other bonds by other means than by hydrolysis or oxidation, or conversely adding a group to a double bond. They differ from other enzymes in that two substrates are involved in one reaction direction, but only one in the other direction. When acting on the single substrate, a molecule is eliminated and this generates either a new double bond or a new ring."
GO:0016853,isomerase activity,Catalysis of the geometric or structural changes within one molecule. Isomerase is the systematic name for any enzyme of EC class 5.
GO:0016874,ligase activity,"Catalysis of the joining of two molecules, or two groups within a single molecule, using the energy from the hydrolysis of ATP, a similar triphosphate, or a pH gradient."
GO:0017000,antibiotic biosynthetic process,"The chemical reactions and pathways resulting in the formation of an antibiotic, a substance produced by or derived from certain fungi, bacteria, and other organisms, that can destroy or inhibit the growth of other microorganisms."
GO:0017004,cytochrome complex assembly,"The aggregation, arrangement and bonding together of a cytochrome complex. A cytochrome complex is a protein complex in which at least one of the proteins is a cytochrome, i.e. a heme-containing protein involved in catalysis of redox reactions."
GO:0017111,ribonucleoside triphosphate phosphatase activity,Catalysis of the reaction: a ribonucleoside triphosphate + H2O = a ribonucleoside diphosphate + H+ + phosphate.
GO:0019008,molybdopterin synthase complex,"A protein complex that possesses molybdopterin synthase activity. In E. coli, the complex is a heterotetramer consisting of two MoaD and two MoaE subunits."
GO:0019222,regulation of metabolic process,"Any process that modulates the frequency, rate or extent of the chemical reactions and pathways within a cell or an organism."
GO:0019842,vitamin binding,"Binding to a vitamin, one of a number of unrelated organic substances that occur in many foods in small amounts and that are necessary in trace amounts for the normal metabolic functioning of the body."
GO:0019867,outer membrane,The external membrane of Gram-negative bacteria or certain organelles such as mitochondria and chloroplasts; freely permeable to most ions and metabolites.
GO:0019898,extrinsic component of membrane,"The component of a membrane consisting of gene products and protein complexes that are loosely bound to one of its surfaces, but not integrated into the hydrophobic region."
GO:0030170,pyridoxal phosphate binding,"Binding to pyridoxal 5' phosphate, 3-hydroxy-5-(hydroxymethyl)-2-methyl4-pyridine carboxaldehyde 5' phosphate, the biologically active form of vitamin B6."
GO:0030246,carbohydrate binding,"Binding to a carbohydrate, which includes monosaccharides, oligosaccharides and polysaccharides as well as substances derived from monosaccharides by reduction of the carbonyl group (alditols), by oxidation of one or more hydroxy groups to afford the corresponding aldehydes, ketones, or carboxylic acids, or by replacement of one or more hydroxy group(s) by a hydrogen atom. Cyclitols are generally not regarded as carbohydrates."
GO:0033202,DNA helicase complex,A protein complex that possesses DNA helicase activity.
GO:0038023,signaling receptor activity,Receiving a signal and transmitting it in the cell to initiate a change in cell activity. A signal is a physical entity or change in state that is used to transfer information in order to trigger a response.
GO:0042221,response to chemical,"Any process that results in a change in state or activity of a cell or an organism (in terms of movement, secretion, enzyme production, gene expression, etc.) as a result of a chemical stimulus."
GO:0042575,DNA polymerase complex,A protein complex that possesses DNA polymerase activity and is involved in template directed synthesis of DNA.
GO:0042597,periplasmic space,The region between the inner (cytoplasmic) and outer membrane (Gram-negative Bacteria) or cytoplasmic membrane and cell wall (Fungi and Gram-positive Bacteria).
GO:0042910,xenobiotic transmembrane transporter activity,Enables the directed movement of a xenobiotic from one side of a membrane to the other. A xenobiotic is a compound foreign to the organim exposed to it. It may be synthesized by another organism (like ampicilin) or it can be a synthetic chemical.
GO:0043167,ion binding,"Binding to an ion, a charged atoms or groups of atoms."
GO:0043190,ATP-binding cassette (ABC) transporter complex,"A complex for the transport of metabolites into and out of the cell, typically comprised of four domains; two membrane-associated domains and two ATP-binding domains at the intracellular face of the membrane, that form a central pore through the plasma membrane. Each of the four core domains may be encoded as a separate polypeptide or the domains can be fused in any one of a number of ways into multidomain polypeptides. In Bacteria and Archaebacteria, ABC transporters also include substrate binding proteins to bind substrate external to the cytoplasm and deliver it to the transporter."
GO:0043934,sporulation,"The process whose specific outcome is the progression of a spore over time, from its initiation to the mature structure. A spore is a structure that can be used for dissemination, for survival of adverse conditions because of its heat and dessication resistance, and/or for reproduction."
GO:0044281,small molecule metabolic process,"The chemical reactions and pathways involving small molecules, any low molecular weight, monomeric, non-encoded molecule."
GO:0044423,virion component,"Any constituent part of a virion, a complete fully infectious extracellular virus particle."
GO:0045454,cell redox homeostasis,Any process that maintains the redox environment of a cell or compartment within a cell.
GO:0046718,symbiont entry into host cell,The process by which a symbiont breaches the plasma membrane or cell envelope and enters the host cell. The process ends when the symbiont or its genome is released into the host cell.
GO:0046872,metal ion binding,Binding to a metal ion.
GO:0046906,tetrapyrrole binding,"Binding to a tetrapyrrole, a compound containing four pyrrole nuclei variously substituted and linked to each other through carbons at the alpha position."
GO:0048500,signal recognition particle,A complex of protein and RNA which facilitates translocation of proteins across membranes.
GO:0051536,iron-sulfur cluster binding,"Binding to an iron-sulfur cluster, a combination of iron and sulfur atoms."
GO:0065003,protein-containing complex assembly,"The aggregation, arrangement and bonding together of a set of macromolecules to form a protein-containing complex."
GO:0071103,DNA conformation change,"A cellular process that results in a change in the spatial configuration of a DNA molecule. A conformation change can bend DNA, or alter the, twist, writhe, or linking number of a DNA molecule."
GO:0071840,cellular component organization or biogenesis,"A process that results in the biosynthesis of constituent macromolecules, assembly, arrangement of constituent parts, or disassembly of a cellular component."
GO:0071973,bacterial-type flagellum-dependent cell motility,Cell motility due to the motion of one or more bacterial-type flagella. A bacterial-type flagellum is a motor complex composed of an extracellular helical protein filament coupled to a rotary motor embedded in the cell envelope.
GO:0098796,membrane protein complex,Any protein complex that is part of a membrane.
GO:1902494,catalytic complex,A protein complex which is capable of catalytic activity.
GO:1990204,oxidoreductase complex,Any protein complex that possesses oxidoreductase activity.
GO:0000910,cytokinesis,The division of the cytoplasm and the plasma membrane of a cell and its partitioning into two daughter cells.
GO:0003677,DNA binding,Any molecular function by which a gene product interacts selectively and non-covalently with DNA (deoxyribonucleic acid).
GO:0003723,RNA binding,Binding to an RNA molecule or a portion thereof.
GO:0003774,cytoskeletal motor activity,"Generation of force resulting in movement, for example along a microfilament or microtubule, or in torque resulting in membrane scission or rotation of a flagellum. The energy required is obtained either from the hydrolysis of a nucleoside triphosphate or by an electrochemical proton gradient (proton-motive force)."
GO:0003924,GTPase activity,Catalysis of the reaction: GTP + H2O = GDP + H+ + phosphate.
GO:0005198,structural molecule activity,The action of a molecule that contributes to the structural integrity of a complex.
GO:0005615,extracellular space,"That part of a multicellular organism outside the cells proper, usually taken to be outside the plasma membranes, and occupied by fluid."
GO:0005856,cytoskeleton,"A cellular structure that forms the internal framework of eukaryotic and prokaryotic cells. The cytoskeleton includes intermediate filaments, microfilaments, microtubules, the microtrabecular lattice, and other structures characterized by a polymeric filamentous nature and long-range order within the cell. The various elements of the cytoskeleton not only serve in the maintenance of cellular shape but also have roles in other cellular functions, including cellular movement, cell division, endocytosis, and movement of organelles."
GO:0006260,DNA replication,"The cellular metabolic process in which a cell duplicates one or more molecules of DNA. DNA replication begins when specific sequences, known as origins of replication, are recognized and bound by the origin recognition complex, and ends when the original DNA molecule has been completely duplicated and the copies topologically separated. The unit of replication usually corresponds to the genome of the cell, an organelle, or a virus. The template for replication can either be an existing DNA molecule or RNA."
GO:0006281,DNA repair,"The process of restoring DNA after damage. Genomes are subject to damage by chemical and physical agents in the environment (e.g. UV and ionizing radiations, chemical mutagens, fungal and bacterial toxins, etc.) and by free radicals or alkylating agents endogenously generated in metabolism. DNA is also damaged because of errors during its replication. A variety of different DNA repair pathways have been reported that include direct reversal, base excision repair, nucleotide excision repair, photoreactivation, bypass, double-strand break repair pathway, and mismatch repair pathway."
GO:0006310,DNA recombination,"Any process in which a new genotype is formed by reassortment of genes resulting in gene combinations different from those that were present in the parents. In eukaryotes genetic recombination can occur by chromosome assortment, intrachromosomal recombination, or nonreciprocal interchromosomal recombination. Interchromosomal recombination occurs by crossing over. In bacteria it may occur by genetic transformation, conjugation, transduction, or F-duction."
GO:0006355,regulation of DNA-templated transcription,"Any process that modulates the frequency, rate or extent of cellular DNA-templated transcription."
GO:0006486,protein glycosylation,"A protein modification process that results in the addition of a carbohydrate or carbohydrate derivative unit to a protein amino acid, e.g. the addition of glycan chains to proteins."
GO:0006520,amino acid metabolic process,"The chemical reactions and pathways involving amino acids, carboxylic acids containing one or more amino groups."
GO:0006575,cellular modified amino acid metabolic process,"The chemical reactions and pathways involving compounds derived from amino acids, organic acids containing one or more amino substituents."
GO:0006790,sulfur compound metabolic process,"The chemical reactions and pathways involving the nonmetallic element sulfur or compounds that contain sulfur, such as the amino acids methionine and cysteine or the tripeptide glutathione."
GO:0006886,intracellular protein transport,"The directed movement of proteins in a cell, including the movement of proteins between specific compartments or structures within a cell, such as organelles of a eukaryotic cell."
GO:0007010,cytoskeleton organization,"A process that is carried out at the cellular level which results in the assembly, arrangement of constituent parts, or disassembly of cytoskeletal structures."
GO:0007059,chromosome segregation,"The process in which genetic material, in the form of chromosomes, is organized into specific structures and then physically separated and apportioned to two or more sets. In eukaryotes, chromosome segregation begins with the condensation of chromosomes, includes chromosome separation, and ends when chromosomes have completed movement to the spindle poles."
GO:0007163,establishment or maintenance of cell polarity,"Any cellular process that results in the specification, formation or maintenance of anisotropic intracellular organization or cell growth patterns."
GO:0008092,cytoskeletal protein binding,"Binding to a protein component of a cytoskeleton (actin, microtubule, or intermediate filament cytoskeleton)."
GO:0008289,lipid binding,Binding to a lipid.
GO:0009279,cell outer membrane,A lipid bilayer that forms the outermost membrane of the cell envelope; enriched in polysaccharide and protein; the outer leaflet of the membrane contains specific lipopolysaccharide structures.
GO:0009975,cyclase activity,Catalysis of a ring closure reaction.
GO:0012501,programmed cell death,A process which begins when a cell receives an internal or external signal and activates a series of biochemical events (signaling pathway). The process ends with the death of the cell.
GO:0016071,mRNA metabolic process,"The chemical reactions and pathways involving mRNA, messenger RNA, which is responsible for carrying the coded genetic 'message', transcribed from DNA, to sites of protein assembly at the ribosomes."
GO:0023052,signaling,The entirety of a process in which information is transmitted within a biological system. This process begins with an active signal and ends when a cellular response has been triggered.
GO:0030030,cell projection organization,"A process that is carried out at the cellular level which results in the assembly, arrangement of constituent parts, or disassembly of a prolongation or process extending from a cell, e.g. a flagellum or axon."
GO:0030163,protein catabolic process,"The chemical reactions and pathways resulting in the breakdown of a protein by the destruction of the native, active configuration, with or without the hydrolysis of peptide bonds."
GO:0031012,extracellular matrix,"A structure lying external to one or more cells, which provides structural support, biochemical or biomechanical cues for cells or tissues."
GO:0031386,protein tag activity,"A molecular function exhibited by a protein that is covalently attached (AKA tagged or conjugated) to another protein where it acts as a marker, recognized by the cellular apparatus to target the tagged protein for some cellular process such as modification, sequestration, transport or degradation."
GO:0033013,tetrapyrrole metabolic process,"The chemical reactions and pathways involving tetrapyrroles, natural pigments containing four pyrrole rings joined by one-carbon units linking position 2 of one pyrrole ring to position 5 of the next."
GO:0036211,protein modification process,"The covalent alteration of one or more amino acids occurring in proteins, peptides and nascent polypeptides (co-translational, post-translational modifications). Includes the modification of charged tRNAs that are destined to occur in a protein (pre-translation modification)."
GO:0036386,bacterial nucleoid packaging,"A process in which chromosomal DNA and associated proteins organize into a compact, orderly bacterial nucleoid. Often resulting in DNA supercoiling."
GO:0040033,sRNA-mediated post-transcriptional gene silencing,A post-transcriptional gene silencing pathway mediated by the action of small regulatory non-coding RNAs (sRNAs). sRNAs are 20-500 nucleotides in length and found in bacteria.
GO:0042178,xenobiotic catabolic process,"The chemical reactions and pathways resulting in the breakdown of a xenobiotic compound, a compound foreign to the organim exposed to it. It may be synthesized by another organism (like ampicilin) or it can be a synthetic chemical."
GO:0042254,ribosome biogenesis,"A cellular process that results in the biosynthesis of constituent macromolecules, assembly, and arrangement of constituent parts of ribosome subunits; includes transport to the sites of protein synthesis."
GO:0042393,histone binding,"Binding to a histone, any of a group of water-soluble proteins found in association with the DNA of eukaryotic or archaeal chromosomes. They are involved in the condensation and coiling of chromosomes during cell division and have also been implicated in gene regulation and DNA replication. They may be chemically modified (methylated, acetlyated and others) to regulate gene transcription."
GO:0042995,cell projection,"A prolongation or process extending from a cell, e.g. a flagellum or axon."
GO:0043062,extracellular structure organization,"A process that is carried out at the cellular level which results in the assembly, arrangement of constituent parts, or disassembly of structures in the space external to the outermost structure of a cell. For cells without external protective or external encapsulating structures this refers to space outside of the plasma membrane, and also covers the host cell environment outside an intracellular parasite."
GO:0043226,organelle,"Organized structure of distinctive morphology and function. Includes the nucleus, mitochondria, plastids, vacuoles, vesicles, ribosomes and the cytoskeleton, and prokaryotic structures such as anammoxosomes and pirellulosomes. Excludes the plasma membrane."
GO:0043590,bacterial nucleoid,The region of a bacterial cell to which the DNA is confined.
GO:0044183,protein folding chaperone,Binding to a protein or a protein-containing complex to assist the protein folding process.
GO:0044283,small molecule biosynthetic process,"The chemical reactions and pathways resulting in the formation of small molecules, any low molecular weight, monomeric, non-encoded molecule."
GO:0044550,secondary metabolite biosynthetic process,"The chemical reactions and pathways resulting in the formation of secondary metabolites, the compounds that are not necessarily required for growth and maintenance of cells, and are often unique to a taxon."
GO:0045182,translation regulator activity,"Any molecular function involved in the initiation, activation, perpetuation, repression or termination of polypeptide synthesis at the ribosome."
GO:0045735,nutrient reservoir activity,Functions in the storage of nutritious substrates.
GO:0048870,cell motility,Any process involved in the controlled self-propelled movement of a cell that results in translocation of the cell from one place to another.
GO:0050896,response to stimulus,"Any process that results in a change in state or activity of a cell or an organism (in terms of movement, secretion, enzyme production, gene expression, etc.) as a result of a stimulus. The process begins with detection of the stimulus and ends with a change in state or activity or the cell or organism."
GO:0051604,protein maturation,Any process leading to the attainment of the full functional capacity of a protein.
GO:0055086,nucleobase-containing small molecule metabolic process,"The cellular chemical reactions and pathways involving a nucleobase-containing small molecule: a nucleobase, a nucleoside, or a nucleotide."
GO:0060089,molecular transducer activity,A compound molecular function in which an effector function is controlled by one or more regulatory components.
GO:0060090,molecular adaptor activity,"The binding activity of a molecule that brings together two or more molecules through a selective, non-covalent, often stoichiometric interaction, permitting those molecules to function in a coordinated way."
GO:0061024,membrane organization,"A process which results in the assembly, arrangement of constituent parts, or disassembly of a membrane. A membrane is a double layer of lipid molecules that encloses all cells, and, in eukaryotes, many organelles; may be a single or double lipid bilayer; also includes associated proteins."
GO:0071554,cell wall organization or biogenesis,"A process that results in the biosynthesis of constituent macromolecules, assembly, arrangement of constituent parts, or disassembly of a cell wall."
GO:0071941,nitrogen cycle metabolic process,"A nitrogen compound metabolic process that contributes to the nitrogen cycle. The nitrogen cycle is a series of metabolic pathways by which nitrogen is converted between various forms and redox states; it encompasses pathways in which nitrogen is acted upon directly, such as nitrification, denitrification, nitrogen fixation, and mineralization."
GO:0072657,protein localization to membrane,"A process in which a protein is transported to, or maintained in, a specific location in a membrane."
GO:0090729,toxin activity,"Interacting selectively with one or more biological molecules in another (target) organism, initiating pathogenesis (leading to an abnormal, generally detrimental state) in the target organism. The activity should refer to an evolved function of the active gene product, i.e. one that was selected for. Examples include the activity of botulinum toxin, and snake venom."
GO:0098542,defense response to other organism,Reactions triggered in response to the presence of another organism that act to protect the cell or organism from damage caused by that organism.
GO:0098631,cell adhesion mediator activity,"The binding by a cell-adhesion protein on a cell surface to an adhesion molecule on another cell surface or an external substrate, to mediate adhesion of the cell to the external substrate or to another cell."
GO:0098754,detoxification,Any process that reduces or removes the toxicity of a toxic substance. These may include transport of the toxic substance away from sensitive areas and to compartments or complexes whose purpose is sequestration of the toxic substance.
GO:0098772,molecular function regulator activity,A molecular function regulator regulates the activity of its target via non-covalent binding that does not result in covalent modification to the target. Examples of molecular function regulators include regulatory subunits of multimeric enzymes and channels. Mechanisms of regulation include allosteric changes in the target and competitive inhibition.
GO:0140096,"catalytic activity, acting on a protein",Catalytic activity that acts to modify a protein.
GO:0140097,"catalytic activity, acting on DNA",Catalytic activity that acts to modify DNA.
GO:0140098,"catalytic activity, acting on RNA","Catalytic activity that acts to modify RNA, driven by ATP hydrolysis."
GO:0140104,molecular carrier activity,Directly binding to a specific ion or molecule and delivering it either to an acceptor molecule or to a specific location.
GO:0140299,small molecule sensor activity,Binding to a small molecule and eliciting a change in the protein's activity in response to the intracellular level of that small molecule.
GO:0140313,molecular sequestering activity,Binding to a specific molecule to prevent it from interacting with other partners or to inhibit its localization to the area of the cell or complex where it is active.
GO:0140657,ATP-dependent activity,"A molecular function characterized by the coupling of ATP hydrolysis to other steps of a reaction mechanism to make the reaction energetically favorable, for example to catalyze a reaction or drive transport against a concentration gradient."
GO:1901135,carbohydrate derivative metabolic process,The chemical reactions and pathways involving carbohydrate derivative.
GO:0000054,ribosomal subunit export from nucleus,The directed movement of a ribosomal subunit from the nucleus into the cytoplasm.
GO:0000278,mitotic cell cycle,"Progression through the phases of the mitotic cell cycle, the most common eukaryotic cell cycle, which canonically comprises four successive phases called G1, S, G2, and M and includes replication of the genome and the subsequent segregation of chromosomes into daughter cells. In some variant cell cycles nuclear replication or nuclear division may not be followed by cell division, or G1 and G2 phases may be absent."
GO:0000747,conjugation with cellular fusion,A conjugation process that results in the union of cellular and genetic information from compatible mating types. An example of this process is found in Saccharomyces cerevisiae.
GO:0000902,cell morphogenesis,The developmental process in which the size or shape of a cell is generated and organized.
GO:0001403,invasive growth in response to glucose limitation,"A growth pattern exhibited by budding haploid cells under certain growth conditions, in which cells retain the typical axial budding pattern of haploids, but become elongated and fail to separate after division; during growth on a solid substrate, this results in penetration of cells into the agar medium. An example of this process is found in Saccharomyces cerevisiae."
GO:0002181,cytoplasmic translation,The chemical reactions and pathways resulting in the formation of a protein in the cytoplasm. This is a ribosome-mediated process in which the information in messenger RNA (mRNA) is used to specify the sequence of amino acids in the protein.
GO:0003682,chromatin binding,"Binding to chromatin, the network of fibers of DNA, protein, and sometimes RNA, that make up the chromosomes of the eukaryotic nucleus during interphase."
GO:0003729,mRNA binding,"Binding to messenger RNA (mRNA), an intermediate molecule between DNA and protein. mRNA includes UTR and coding sequences, but does not contain introns."
GO:0004386,helicase activity,"Catalysis of the reaction: ATP + H2O = ADP + phosphate, to drive the unwinding of a DNA or RNA helix."
GO:0004518,nuclease activity,Catalysis of the hydrolysis of ester linkages within nucleic acids.
GO:0005085,guanyl-nucleotide exchange factor activity,"Stimulates the exchange of GDP to GTP on a signaling GTPase, changing its conformation to its active form. Guanine nucleotide exchange factors (GEFs) act by stimulating the release of guanosine diphosphate (GDP) to allow binding of guanosine triphosphate (GTP), which is more abundant in the cell under normal cellular physiological conditions."
GO:0005730,nucleolus,"A small, dense body one or more of which are present in the nucleus of eukaryotic cells. It is rich in RNA and protein, is not bounded by a limiting membrane, and is not seen during mitosis. Its prime function is the transcription of the nucleolar DNA into 45S ribosomal-precursor RNA, the processing of this RNA into 5.8S, 18S, and 28S components of ribosomal RNA, and the association of these components with 5S RNA and proteins synthesized outside the nucleolus. This association results in the formation of ribonucleoprotein precursors; these pass into the cytoplasm and mature into the 40S and 60S subunits of the ribosome."
GO:0005739,mitochondrion,"A semiautonomous, self replicating organelle that occurs in varying numbers, shapes, and sizes in the cytoplasm of virtually all eukaryotic cells. It is notably the site of tissue respiration."
GO:0005740,mitochondrial envelope,The double lipid bilayer enclosing the mitochondrion and separating its contents from the cell cytoplasm; includes the intermembrane space.
GO:0005773,vacuole,"A closed structure, found only in eukaryotic cells, that is completely surrounded by unit membrane and contains liquid material. Cells contain one or several vacuoles, that may have different functions from each other. Vacuoles have a diverse array of functions. They can act as a storage organelle for nutrients or waste products, as a degradative compartment, as a cost-effective way of increasing cell size, and as a homeostatic regulator controlling both turgor pressure and pH of the cytosol."
GO:0005777,peroxisome,"A small organelle enclosed by a single membrane, and found in most eukaryotic cells. Contains peroxidases and other enzymes involved in a variety of metabolic processes including free radical detoxification, lipid catabolism and biosynthesis, and hydrogen peroxide metabolism."
GO:0005783,endoplasmic reticulum,"The irregular network of unit membranes, visible only by electron microscopy, that occurs in the cytoplasm of many eukaryotic cells. The membranes form a complex meshwork of tubular channels, which are often expanded into slitlike cavities called cisternae. The ER takes two forms, rough (or granular), with ribosomes adhering to the outer surface, and smooth (with no ribosomes attached)."
GO:0005794,Golgi apparatus,"A membrane-bound cytoplasmic organelle of the endomembrane system that further processes the core oligosaccharides (e.g. N-glycans) added to proteins in the endoplasmic reticulum and packages them into membrane-bound vesicles. The Golgi apparatus operates at the intersection of the secretory, lysosomal, and endocytic pathways."
GO:0005815,microtubule organizing center,"An intracellular structure that can catalyze gamma-tubulin-dependent microtubule nucleation and that can anchor microtubules by interacting with their minus ends, plus ends or sides."
GO:0005933,cellular bud,"A protuberance from a cell of an organism that reproduces by budding, which will grow larger and become a separate daughter cell after nuclear division, cytokinesis, and cell wall formation (when appropriate). The daughter cell may completely separate from the mother cell, or the mother and daughter cells may remain associated."
GO:0005938,cell cortex,"The region of a cell that lies just beneath the plasma membrane and often, but not always, contains a network of actin filaments and associated proteins."
GO:0006325,chromatin organization,"The assembly or remodeling of chromatin composed of DNA complexed with histones, other associated proteins, and sometimes RNA."
GO:0006352,DNA-templated transcription initiation,"The initial step of transcription, consisting of the assembly of the RNA polymerase preinitiation complex (PIC) at a gene promoter, as well as the formation of the first few bonds of the RNA transcript. Transcription initiation includes abortive initiation events, which occur when the first few nucleotides are repeatedly synthesized and then released, and ends when promoter clearance takes place."
GO:0006353,DNA-templated transcription termination,"The completion of transcription: the RNA polymerase pauses, the RNA-DNA hybrid dissociates, followed by the release of the RNA polymerase from its DNA template."
GO:0006354,DNA-templated transcription elongation,The extension of an RNA molecule after transcription initiation and promoter clearance at a DNA-dependent RNA polymerase promoter by the addition of ribonucleotides catalyzed by an RNA polymerase.
GO:0006360,transcription by RNA polymerase I,"The synthesis of RNA from a DNA template by RNA polymerase I (RNAP I), originating at an RNAP I promoter."
GO:0006364,rRNA processing,Any process involved in the conversion of a primary ribosomal RNA (rRNA) transcript into one or more mature rRNA molecules.
GO:0006366,transcription by RNA polymerase II,"The synthesis of RNA from a DNA template by RNA polymerase II (RNAP II), originating at an RNA polymerase II promoter. Includes transcription of messenger RNA (mRNA) and certain small nuclear RNAs (snRNAs)."
GO:0006383,transcription by RNA polymerase III,"The synthesis of RNA from a DNA template by RNA polymerase III, originating at an RNAP III promoter."
GO:0006397,mRNA processing,Any process involved in the conversion of a primary mRNA transcript into one or more mature mRNA(s) prior to translation into polypeptide.
GO:0006401,RNA catabolic process,"The chemical reactions and pathways resulting in the breakdown of RNA, ribonucleic acid, one of the two main type of nucleic acid, consisting of a long, unbranched macromolecule formed from ribonucleotides joined in 3',5'-phosphodiester linkage."
GO:0006413,translational initiation,"The process preceding formation of the peptide bond between the first two amino acids of a protein. This includes the formation of a complex of the ribosome, mRNA or circRNA, and an initiation complex that contains the first aminoacyl-tRNA."
GO:0006414,translational elongation,The successive addition of amino acid residues to a nascent polypeptide chain during protein biosynthesis.
GO:0006417,regulation of translation,"Any process that modulates the frequency, rate or extent of the chemical reactions and pathways resulting in the formation of proteins by the translation of mRNA or circRNA."
GO:0006418,tRNA aminoacylation for protein translation,"The synthesis of aminoacyl tRNA by the formation of an ester bond between the 3'-hydroxyl group of the most 3' adenosine of the tRNA and the alpha carboxylic acid group of an amino acid, to be used in ribosome-mediated polypeptide synthesis."
GO:0006468,protein phosphorylation,The process of introducing a phosphate group on to a protein.
GO:0006470,protein dephosphorylation,The process of removing one or more phosphoric residues from a protein.
GO:0006497,protein lipidation,The covalent attachment of lipid groups to an amino acid in a protein.
GO:0006605,protein targeting,"The process of targeting specific proteins to particular regions of the cell, typically membrane-bounded subcellular organelles. Usually requires an organelle specific protein sequence motif."
GO:0006766,vitamin metabolic process,The chemical reactions and pathways involving vitamins. Vitamin is a general term for a number of unrelated organic substances that occur in many foods in small amounts and that are necessary in trace amounts for the normal metabolic functioning of the body. Vitamins may be water-soluble or fat-soluble and usually serve as components of coenzyme systems.
GO:0006811,monoatomic ion transport,"The directed movement of a monoatomic ion into, out of or within a cell, or between cells, by means of some agent such as a transporter or pore. Monatomic ions (also called simple ions) are ions consisting of exactly one atom."
GO:0006865,amino acid transport,"The directed movement of amino acids, organic acids containing one or more amino substituents, into, out of or within a cell, or between cells, by means of some agent such as a transporter or pore."
GO:0006869,lipid transport,"The directed movement of lipids into, out of or within a cell, or between cells, by means of some agent such as a transporter or pore. Lipids are compounds soluble in an organic solvent but not, or sparingly, in an aqueous solvent."
GO:0006873,intracellular monoatomic ion homeostasis,A homeostatic process involved in the maintenance of a steady state level of monoatomic ions within a cell. Monatomic ions (also called simple ions) are ions consisting of exactly one atom.
GO:0006887,exocytosis,"A process of secretion by a cell that results in the release of intracellular molecules (e.g. hormones, matrix proteins) contained within a membrane-bounded vesicle. Exocytosis can occur either by full fusion, when the vesicle collapses into the plasma membrane, or by a kiss-and-run mechanism that involves the formation of a transient contact, a pore, between a granule (for exemple of chromaffin cells) and the plasma membrane. The latter process most of the time leads to only partial secretion of the granule content. Exocytosis begins with steps that prepare vesicles for fusion with the membrane (tethering and docking) and ends when molecules are secreted from the cell."
GO:0006897,endocytosis,A vesicle-mediated transport process in which cells take up external materials or membrane constituents by the invagination of a part of the plasma membrane to form a new membrane-bounded vesicle.
GO:0006970,response to osmotic stress,"Any process that results in a change in state or activity of a cell or an organism (in terms of movement, secretion, enzyme production, gene expression, etc.) as a result of a stimulus indicating an increase or decrease in the concentration of solutes outside the organism or cell."
GO:0006974,DNA damage response,"Any process that results in a change in state or activity of a cell (in terms of movement, secretion, enzyme production, gene expression, etc.) as a result of a stimulus indicating damage to its DNA from environmental insults or errors during metabolism."
GO:0006979,response to oxidative stress,"Any process that results in a change in state or activity of a cell or an organism (in terms of movement, secretion, enzyme production, gene expression, etc.) as a result of oxidative stress, a state often resulting from exposure to high levels of reactive oxygen species, e.g. superoxide anions, hydrogen peroxide (H2O2), and hydroxyl radicals."
GO:0006997,nucleus organization,"A process that is carried out at the cellular level which results in the assembly, arrangement of constituent parts, or disassembly of the nucleus."
GO:0007005,mitochondrion organization,"A process that is carried out at the cellular level which results in the assembly, arrangement of constituent parts, or disassembly of a mitochondrion; includes mitochondrial morphogenesis and distribution, and replication of the mitochondrial genome as well as synthesis of new mitochondrial components."
GO:0007031,peroxisome organization,"A process that is carried out at the cellular level which results in the assembly, arrangement of constituent parts, or disassembly of a peroxisome. A peroxisome is a small, membrane-bounded organelle that uses dioxygen (O2) to oxidize organic molecules."
GO:0007033,vacuole organization,"A process that is carried out at the cellular level which results in the assembly, arrangement of constituent parts, or disassembly of a vacuole."
GO:0007114,cell budding,"A form of asexual reproduction, occurring in certain bacteria and fungi (e.g. yeasts) and some primitive animals in which an individual arises from a daughter cell formed by pinching off a part of the parent cell. The budlike outgrowths so formed may sometimes remain attached to the parent cell."
GO:0007124,pseudohyphal growth,"The process in which cells grow as a chain of physically attached, elongated cells in response to an environmental stimulus or stimuli."
GO:0008033,tRNA processing,"The process in which a pre-tRNA molecule is converted to a mature tRNA, ready for addition of an aminoacyl group."
GO:0008135,"translation factor activity, RNA binding",Functions during translation by binding to RNA during polypeptide synthesis at the ribosome.
GO:0008168,methyltransferase activity,Catalysis of the transfer of a methyl group to an acceptor molecule.
GO:0008213,protein alkylation,The addition of an alkyl group to a protein amino acid. Alkyl groups are derived from alkanes by removal of one hydrogen atom.
GO:0008380,RNA splicing,The process of removing sections of the primary RNA transcript to remove sequences not present in the mature form of the RNA and joining the remaining sections to form the mature form of the RNA.
GO:0008643,carbohydrate transport,"The directed movement of carbohydrate into, out of or within a cell, or between cells, by means of some agent such as a transporter or pore. Carbohydrates are a group of organic compounds based of the general formula Cx(H2O)y."
GO:0009311,oligosaccharide metabolic process,"The chemical reactions and pathways involving oligosaccharides, molecules with between two and (about) 20 monosaccharide residues connected by glycosidic linkages."
GO:0009408,response to heat,"Any process that results in a change in state or activity of a cell or an organism (in terms of movement, secretion, enzyme production, gene expression, etc.) as a result of a heat stimulus, a temperature stimulus above the optimal temperature for that organism."
GO:0009451,RNA modification,The covalent alteration of one or more nucleotides within an RNA molecule to produce an RNA molecule with a sequence that differs from that coded genetically.
GO:0010324,membrane invagination,The infolding of a membrane.
GO:0012505,endomembrane system,"A collection of membranous structures involved in transport within the cell. The main components of the endomembrane system are endoplasmic reticulum, Golgi bodies, vesicles, cell membrane and nuclear envelope. Members of the endomembrane system pass materials through each other or though the use of vesicles."
GO:0015031,protein transport,"The directed movement of proteins into, out of or within a cell, or between cells, by means of some agent such as a transporter or pore."
GO:0015931,nucleobase-containing compound transport,"The directed movement of nucleobases, nucleosides, nucleotides and nucleic acids, into, out of or within a cell, or between cells, by means of some agent such as a transporter or pore."
GO:0016050,vesicle organization,"A process that is carried out at the cellular level which results in the assembly, arrangement of constituent parts, or disassembly of a vesicle."
GO:0016197,endosomal transport,"The directed movement of substances mediated by an endosome, a membrane-bounded organelle that carries materials enclosed in the lumen or located in the endosomal membrane."
GO:0016757,glycosyltransferase activity,Catalysis of the transfer of a glycosyl group from one compound (donor) to another (acceptor).
GO:0016798,"hydrolase activity, acting on glycosyl bonds",Catalysis of the hydrolysis of any glycosyl bond.
GO:0018193,peptidyl-amino acid modification,The alteration of an amino acid residue in a peptide.
GO:0019843,rRNA binding,Binding to a ribosomal RNA.
GO:0019899,enzyme binding,"Binding to an enzyme, a protein with catalytic activity."
GO:0022857,transmembrane transporter activity,"Enables the transfer of a substance, usually a specific substance or a group of related substances, from one side of a membrane to the other."
GO:0030234,enzyme regulator activity,Binds to and modulates the activity of an enzyme.
GO:0030427,site of polarized growth,Any part of a cell where non-isotropic growth takes place.
GO:0030533,triplet codon-amino acid adaptor activity,"The codon binding activity of a tRNA that positions an activated amino acid, mediating its insertion at the correct point in the sequence of a nascent polypeptide chain during protein synthesis."
GO:0030555,RNA modification guide activity,Specifies the site of a posttranscriptional modification in an RNA molecule by base pairing with a short sequence around the target residue.
GO:0030674,protein-macromolecule adaptor activity,"The binding activity of a protein that brings together two or more macromolecules in contact, permitting those molecules to function in a coordinated way. The adaptor can bring together two proteins, or a protein and another macromolecule such as a lipid or a nucleic acid."
GO:0031399,regulation of protein modification process,"Any process that modulates the frequency, rate or extent of the covalent alteration of one or more amino acid residues within a protein."
GO:0031410,cytoplasmic vesicle,A vesicle found in the cytoplasm of a cell.
GO:0032182,ubiquitin-like protein binding,Binding to a small conjugating protein such as ubiquitin or a ubiquitin-like protein.
GO:0032196,transposition,"Any process involved in mediating the movement of discrete segments of DNA between nonhomologous sites. For elements that are transcribed as the first step of transposition, the process starts with the transcription of the transposable element, its translation and maturation, and ending with integration into DNA. For elements that are cut out, the process starts with the excision of the donor DNA and integrated into another site."
GO:0032200,telomere organization,"A process that is carried out at the cellular level which results in the assembly, arrangement of constituent parts, or disassembly of telomeres, terminal regions of a linear chromosome that include the telomeric DNA repeats and associated proteins."
GO:0032543,mitochondrial translation,"The chemical reactions and pathways resulting in the formation of a protein in a mitochondrion. This is a ribosome-mediated process in which the information in messenger RNA (mRNA) is used to specify the sequence of amino acids in the protein; the mitochondrion has its own ribosomes and transfer RNAs, and uses a genetic code that differs from the nuclear code."
GO:0032787,monocarboxylic acid metabolic process,"The chemical reactions and pathways involving monocarboxylic acids, any organic acid containing one carboxyl (COOH) group or anion (COO-)."
GO:0033043,regulation of organelle organization,"Any process that modulates the frequency, rate or extent of a process involved in the formation, arrangement of constituent parts, or disassembly of an organelle."
GO:0042255,ribosome assembly,"The aggregation, arrangement and bonding together of the mature ribosome and of its subunits."
GO:0042273,ribosomal large subunit biogenesis,"A cellular process that results in the biosynthesis of constituent macromolecules, assembly, and arrangement of constituent parts of a large ribosomal subunit; includes transport to the sites of protein synthesis."
GO:0042274,ribosomal small subunit biogenesis,"A cellular process that results in the biosynthesis of constituent macromolecules, assembly, and arrangement of constituent parts of a small ribosomal subunit; includes transport to the sites of protein synthesis."
GO:0042594,response to starvation,"Any process that results in a change in state or activity of a cell or an organism (in terms of movement, secretion, enzyme production, gene expression, etc.) as a result of a starvation stimulus, deprivation of nourishment."
GO:0043144,sno(s)RNA processing,Any process involved in the conversion of a primary snoRNA family RNA transcript into a mature snoRNA (eukaryota) or sRNA (archaea).
GO:0043543,protein acylation,"The addition of an acyl group, any group or radical of the form RCO- where R is an organic group, to a protein amino acid."
GO:0045333,cellular respiration,The enzymatic release of energy from inorganic and organic compounds (especially carbohydrates and fats) which either requires oxygen (aerobic respiration) or does not (anaerobic respiration).
GO:0048193,Golgi vesicle transport,"The directed movement of substances into, out of or within the Golgi apparatus, mediated by vesicles."
GO:0048284,organelle fusion,The creation of a single organelle from two or more organelles.
GO:0048285,organelle fission,The creation of two or more organelles by division of one organelle.
GO:0048308,organelle inheritance,The partitioning of organelles between daughter cells at cell division.
GO:0051049,regulation of transport,"Any process that modulates the frequency, rate or extent of the directed movement of substances (such as macromolecules, small molecules, ions) into, out of or within a cell, or between cells, by means of some agent such as a transporter or pore."
GO:0051052,regulation of DNA metabolic process,"Any process that modulates the frequency, rate or extent of the chemical reactions and pathways involving DNA."
GO:0051082,unfolded protein binding,Binding to an unfolded protein.
GO:0051169,nuclear transport,"The directed movement of substances into, out of, or within the nucleus."
GO:0051321,meiotic cell cycle,"Progression through the phases of the meiotic cell cycle, in which canonically a cell replicates to produce four offspring with half the chromosomal content of the progenitor cell via two nuclear divisions."
GO:0051603,proteolysis involved in protein catabolic process,The hydrolysis of a peptide bond or bonds within a protein as part of the chemical reactions and pathways resulting in the breakdown of a protein by individual cells.
GO:0051726,regulation of cell cycle,Any process that modulates the rate or extent of progression through the cell cycle.
GO:0055085,transmembrane transport,"The process in which a solute is transported across a lipid bilayer, from one side of a membrane to the other."
GO:0061025,membrane fusion,The membrane organization process that joins two lipid bilayers to form a single membrane.
GO:0070647,protein modification by small protein conjugation or removal,"A protein modification process in which one or more groups of a small protein, such as ubiquitin or a ubiquitin-like protein, are covalently attached to or removed from a target protein."
GO:0070925,organelle assembly,"The aggregation, arrangement and bonding together of a set of components to form an organelle. An organelle is an organized structure of distinctive morphology and function. Includes the nucleus, mitochondria, plastids, vacuoles, vesicles, ribosomes and the cytoskeleton. Excludes the plasma membrane."
GO:2000070,regulation of response to water deprivation,"Any process that modulates the frequency, rate or extent of response to water deprivation."
GO:0050891,multicellular organismal-level water homeostasis,"A chemical homeostatic process involved in the maintenance of a steady state level of water within extracellular body fluids, such as blood, xylem or phloem, of a multicellular organism. This is distinct from maintenance of cellular homeostasis, which occurs within a cell."
GO:0009415,response to water,"Any process that results in a change in state or activity of a cell or an organism (in terms of movement, secretion, enzyme production, gene expression, etc.) as a result of a stimulus reflecting the presence, absence, or concentration of water."
GO:0009414,response to water deprivation,"Any process that results in a change in state or activity of a cell or an organism (in terms of movement, secretion, enzyme production, gene expression, etc.) as a result of a water deprivation stimulus, prolonged deprivation of water."
GO:1902427,regulation of water channel activity,"Any process that modulates the frequency, rate or extent of water channel activity."
GO:0006833,water transport,"The directed movement of water (H2O) into, out of or within a cell, or between cells, by means of some agent such as a transporter or pore."
GO:0009992,intracellular water homeostasis,"A homeostatic process involved in the maintenance of a steady state level of water within a cell."
GO:0009651,response to salt stress,"Any process that results in a change in state or activity of a cell or an organism (in terms of movement, secretion, enzyme production, gene expression, etc.) as a result of a stimulus indicating an increase or decrease in the concentration of salt (particularly but not exclusively sodium and chloride ions) in the environment."
GO:0097501,stress response to metal ion,"Any process that results in a change in state or activity of a cell or an organism (in terms of movement, secretion, enzyme production, gene expression, etc.) as a result of a disturbance in organismal or cellular homeostasis caused by a metal ion stimulus."
GO:0030001,metal ion transport,"The directed movement of metal ions, any metal ion with an electric charge, into, out of or within a cell, or between cells, by means of some agent such as a transporter or pore."
GO:0010477,response to sulfur dioxide,"Any process that results in a change in state or activity of a cell or an organism (in terms of movement, secretion, enzyme production, gene expression, etc.) as a result of a sulfur dioxide (SO2) stimulus."
GO:0072348,sulfur compound transport,"The directed movement of compounds that contain sulfur, out of or within a cell, or between cells, by means of some agent such as a transporter or pore."
GO:0006791,sulfur utilization,"A series of processes that forms an integrated mechanism by which a cell or an organism detects the depletion of primary sulfur sources and then activates genes to scavenge the last traces of the primary sulfur source and to transport and metabolize alternate sulfur sources. The utilization process begins when the cell or organism detects sulfur levels, includes the activation of genes whose products detect, transport or metabolize sulfur-containing compounds, and ends when the sulfur is incorporated into the cell or organism's metabolism."
GO:0044272,sulfur compound biosynthetic process,"The chemical reactions and pathways resulting in the formation of compounds that contain sulfur, such as the amino acids methionine and cysteine or the tripeptide glutathione."
GO:0050826,response to freezing,"Any process that results in a change in state or activity of a cell or an organism (in terms of movement, secretion, enzyme production, gene expression, etc.) as a result of a freezing stimulus, temperatures below 0 degrees Celsius."
GO:0010286,heat acclimation,"Any process that increases heat tolerance of an organism in response to high temperatures."
GO:0009409,response to cold,"Any process that results in a change in state or activity of a cell or an organism (in terms of movement, secretion, enzyme production, gene expression, etc.) as a result of a cold stimulus, a temperature stimulus below the optimal temperature for that organism."
GO:0009266,response to temperature stimulus,"Any process that results in a change in state or activity of a cell or an organism (in terms of movement, secretion, enzyme production, gene expression, etc.) as a result of a temperature stimulus."
GO:0009271,phage shock,"A response by bacterial cells to a variety of stresses including filamentous phage infection, mislocalization of envelope proteins, extremes of temperature, osmolarity or ethanol concentration, and the presence of proton ionophores such as carbonylcyanide m-chlorophenylhydrazone (CCCP), that involves expression of the phage shock protein operon, and acts to protect the bacterial cells from damage."
GO:0009631,cold acclimation,"Any process that increases freezing tolerance of an organism in response to low, nonfreezing temperatures."
GO:0035635,entry of bacterium into host cell,"The process in which a bacterium enters a host cell. The host is defined as the larger of the organisms involved in a symbiotic interaction."
GO:0051410,detoxification of nitrogen compound,"Any process that reduces or removes the toxicity of nitrogenous compounds which are dangerous or toxic. This includes the aerobic conversion of toxic compounds to harmless substances."
GO:2001057,reactive nitrogen species metabolic process,"The chemical reactions and pathways involving a reactive nitrogen species."
GO:0006808,regulation of nitrogen utilization,"Any process that modulates the frequency, rate or extent of nitrogen utilization."
GO:0035713,response to nitrogen dioxide,"Any process that results in a change in state or activity of a cell or an organism (in terms of movement, secretion, enzyme production, gene expression, etc.) as a result of a nitrogen dioxide (NO2) stimulus."
GO:0042128,nitrate assimilation,"The nitrogen metabolic process that encompasses the uptake of nitrate from the environment and reduction to ammonia, and results in the incorporation of nitrogen derived from nitrate into cellular substances."
GO:0019740,nitrogen utilization,"A series of processes that forms an integrated mechanism by which a cell or an organism detects the depletion of primary nitrogen source, usually ammonia, and then activates genes to scavenge the last traces of the primary nitrogen source and to transport and metabolize alternative nitrogen sources. The utilization process begins when the cell or organism detects nitrogen levels, includes the activation of genes whose products detect, transport or metabolize nitrogen-containing substances, and ends when nitrogen is incorporated into the cell or organism's metabolism."
GO:0007584,response to nutrient,"Any process that results in a change in state or activity of a cell or an organism (in terms of movement, secretion, enzyme production, gene expression, etc.) as a result of a nutrient stimulus."
GO:0031667,response to nutrient levels,"Any process that results in a change in state or activity of a cell or an organism (in terms of movement, secretion, enzyme production, gene expression, etc.) as a result of a stimulus reflecting the presence, absence, or concentration of nutrients."
GO:0046274,lignin catabolic process,"The chemical reactions and pathways resulting in the breakdown of lignins, a class of polymers of phenylpropanoid units."
GO:0000025,maltose catabolic process,The chemical reactions and pathways resulting in the breakdown of the disaccharide maltose (4-O-alpha-D-glucopyranosyl-D-glucopyranose).
GO:2000895,hemicellulose catabolic process,The chemical reactions and pathways resulting in the breakdown of a hemicellulose.
GO:2000897,amylopectin catabolic process,The chemical reactions and pathways resulting in the breakdown of an amylopectin.
GO:0009062,fatty acid catabolic process,"The chemical reactions and pathways resulting in the breakdown of a fatty acid, any of the aliphatic monocarboxylic acids that can be liberated by hydrolysis from naturally occurring fats and oils. Fatty acids are predominantly straight-chain acids of 4 to 24 carbon atoms, which may be saturated or unsaturated; branched fatty acids and hydroxy fatty acids also occur, and very long chain acids of over 30 carbons are found in waxes."
GO:0046170,methanol catabolic process,"The chemical reactions and pathways resulting in the breakdown of methanol, CH3-OH, a colorless, flammable, mobile, poisonous liquid, widely used as a solvent."
GO:1903457,lactate catabolic process,"The chemical reactions and pathways resulting in the breakdown of lactate."
GO:0030245,cellulose catabolic process,"The chemical reactions and pathways resulting in the breakdown of cellulose, a linear beta1-4 glucan of molecular mass 50-400 kDa with the pyranose units in the -4C1 conformation."
GO:0005983,starch catabolic process,"The chemical reactions and pathways resulting in the breakdown of starch, the most important reserve polysaccharide in plants."
GO:0006032,chitin catabolic process,"The chemical reactions and pathways resulting in the breakdown of chitin, a linear polysaccharide consisting of beta-(1->4)-linked N-acetyl-D-glucosamine residues."
GO:0006068,ethanol catabolic process,"The chemical reactions and pathways resulting in the breakdown of ethanol, CH3-CH2-OH, a colorless, water-miscible, flammable liquid produced by alcoholic fermentation."
GO:0072392,phenol catabolic process,"The chemical reactions and pathways resulting in the breakdown of phenol, a compound that consists of a benzene ring with one attached hydroxyl group."
GO:0034310,primary alcohol catabolic process,"The chemical reactions and pathways resulting in the breakdown of primary alcohols. A primary alcohol is any alcohol in which a hydroxy group, -OH, is attached to a saturated carbon atom which has either three hydrogen atoms attached to it or only one other carbon atom and two hydrogen atoms attached to it."
GO:0009395,phospholipid catabolic process,"The chemical reactions and pathways resulting in the breakdown of phospholipids, any lipid containing phosphoric acid as a mono- or diester."
GO:0005987,sucrose catabolic process,"The chemical reactions and pathways resulting in the breakdown of sucrose, the disaccharide fructofuranosyl-glucopyranoside."
GO:0005993,trehalose catabolic process,"The chemical reactions and pathways resulting in the breakdown of trehalose, a disaccharide that consists of two molecules of glucose and is isomeric with sucrose."
GO:0006001,fructose catabolic process,"The chemical reactions and pathways resulting in the breakdown of fructose, the ketohexose arabino-2-hexulose."
GO:0045493,xylan catabolic process,"The chemical reactions and pathways resulting in the breakdown of xylan, a polymer containing a beta-1,4-linked D-xylose backbone."
GO:0060918,auxin transport,"The directed movement of auxin into, out of or within a cell, or between cells, by means of some agent such as a transporter or pore. Auxins are a group of plant hormones that regulates aspects of plant growth."
GO:0009733,response to auxin,"Any process that results in a change in state or activity of a cell or an organism (in terms of movement, secretion, enzyme production, gene expression, etc.) as a result of an auxin stimulus."
GO:0009850,auxin metabolic process,"The chemical reactions and pathways involving auxins, a group of plant hormones that regulate aspects of plant growth."
GO:0009852,auxin catabolic process,"The chemical reactions and pathways resulting in the breakdown of auxins, a group of plant hormones that regulate aspects of plant growth."
GO:0009739,response to gibberellin,"Any process that results in a change in state or activity of a cell or an organism (in terms of movement, secretion, enzyme production, gene expression, etc.) as a result of a gibberellin stimulus."
GO:0009685,gibberellin metabolic process,"The chemical reactions and pathways involving gibberellin. Gibberellins are a class of highly modified terpenes that function as plant growth regulators."
GO:0045487,gibberellin catabolic process,"The chemical reactions and pathways resulting in the breakdown of gibberellin. Gibberellins are a class of highly modified terpenes that function as plant growth regulators."
